,rmse,mae,r2,n_predictions
LinearBaseline,0.2951599331354896,0.23486641116161971,-0.04128341100038413,179.0
Hybrid,5.449959563476041,5.329899894454265,-354.01009519507795,179.0
