{
  "LinearBaseline": {
    "rmse": 0.2951599331354896,
    "mae": 0.23486641116161971,
    "r2": -0.04128341100038413,
    "n_predictions": 179
  },
  "Hybrid": {
    "rmse": 5.449959563476041,
    "mae": 5.329899894454265,
    "r2": -354.01009519507795,
    "n_predictions": 179
  }
}